title,author,length
Energize Your Mind,Gaur Gopal Das,Length: 10 hrs and 20 mins
Doglapan,Ashneer Grover,Length: 6 hrs and 30 mins
Anatomy of a Breakthrough,Adam Alter,Length: 8 hrs and 51 mins
The Hidden Hindu,Akshat Gupta,Length: 5 hrs and 36 mins
Happy Place,Emily Henry,Length: 11 hrs and 3 mins
Outlive,"Peter Attia,Bill Gifford",Length: 17 hrs and 8 mins
Nonviolent Communication,Marshall Rosenberg PhD,Length: 5 hrs and 9 mins
Spare,Prince Harry The Duke of Sussex,Length: 15 hrs and 37 mins
The Light We Carry,Michelle Obama,Length: 9 hrs and 59 mins
Haunting Adeline,H. D. Carlton,Length: 15 hrs and 47 mins
Revolutionaries,Sanjeev Sanyal,Length: 11 hrs and 22 mins
Never Finished,David Goggins,Length: 11 hrs and 6 mins
"Harry Potter and the Philosopher's Stone, Book 1",J.K. Rowling,Length: 8 hrs and 25 mins
The Covenant of Water,Abraham Verghese,Length: 31 hrs and 16 mins
"India Since Independence, Part 1","Bipin Chandra,Mridula Mukherjee,Aditya Mukherjee",Length: 18 hrs and 13 mins
Terms and Conditions,Lauren Asher,Length: 13 hrs and 12 mins
The Creative Act,Rick Rubin,Length: 5 hrs and 44 mins
Verity,Colleen Hoover,Length: 8 hrs and 10 mins
The Five Love Languages: The Secret to Love That Lasts,Gary Chapman,Length: 4 hrs and 46 mins
The Immortals of Meluha,Amish Tripathi,Length: 11 hrs and 39 mins
8 Rules of Love,Jay Shetty,Length: 10 hrs and 10 mins
Mahabharat,Sadhguru,Length: 20 hrs and 42 mins
Ashtavakra Mahagitaa Vol. 1,OSHO,Length: 16 hrs and 7 mins
The Golden Years,Ruskin Bond,Length: 3 hrs and 6 mins
The Mountain Is You,Brianna Wiest,Length: 5 hrs and 44 mins
Make Your Bed,Admiral William H. McRaven,Length: 1 hr and 43 mins
Don't Believe Everything You Think,Joseph Nguyen,Length: 2 hrs and 16 mins
The Art of Seduction,Robert Greene,Length: 5 hrs and 9 mins
The Steal Like an Artist Audio Trilogy,Austin Kleon,Length: 4 hrs and 32 mins
Lessons in Chemistry,Bonnie Garmus,Length: 11 hrs and 56 mins
Surrounded by Idiots,Thomas Erikson,Length: 10 hrs and 29 mins
The Pathless Path,Paul Millerd,Length: 6 hrs and 6 mins
The Primal Hunter 5,Zogarth,Length: 17 hrs and 47 mins
Moonwalking with Einstein,Joshua Foer,Length: 9 hrs and 31 mins
How to Be an Adult in Relationships,David Richo,Length: 9 hrs and 20 mins
The Body Keeps the Score,Bessel A. van der Kolk,Length: 16 hrs and 16 mins
Before the Coffee Gets Cold,"Toshikazu Kawaguchi,Geoffrey Trousselot - translator",Length: 6 hrs and 52 mins
Guards! Guards!,"Terry Pratchett,Ben Aaronovitch - afterword",Length: 13 hrs and 29 mins
A Brief History of Time,Stephen Hawking,Length: 6 hrs and 57 mins
1984,George Orwell,Length: 12 hrs and 19 mins
Becoming,Michelle Obama,Length: 19 hrs and 3 mins
When the Heavens Went on Sale,Ashlee Vance,Length: 18 hrs and 19 mins
The Good Enough Job,Simone Stolzoff,Length: 5 hrs and 33 mins
I Will Teach You to Be Rich,Ramit Sethi,Length: 12 hrs and 8 mins
Flow,Mihaly Csikszentmihalyi Ph.D.,Length: 5 hrs and 31 mins
Legend of Suheldev,Amish Tripathi,Length: 11 hrs and 6 mins
Meditations,"Marcus Aurelius,Diskin Clay,Martin Hammond",Length: 6 hrs and 18 mins
Atlas Shrugged,Ayn Rand,Length: 62 hrs and 56 mins
The Ultimate Jim Rohn Library,Jim Rohn,Length: 11 hrs and 23 mins
Why I Am a Hindu,Shashi Tharoor,Length: 13 hrs and 2 mins
Behave,Robert M. Sapolsky,Length: 26 hrs and 27 mins
When Breath Becomes Air,Paul Kalanithi,Length: 5 hrs and 35 mins
The Design of Everyday Things,Don Norman,Length: 10 hrs and 39 mins
Essentialism,Greg McKeown,Length: 6 hrs and 14 mins
The Art of Clear Thinking,Hasard Lee,Length: 6 hrs and 37 mins
Daring Greatly,Brené Brown,Length: 6 hrs and 30 mins
The Lean Startup,Eric Ries,Length: 8 hrs and 38 mins
Why We Sleep,Matthew Walker,Length: 13 hrs and 31 mins
Disruptive Thinking,T. D. Jakes,Length: 8 hrs and 42 mins
How to Change Careers,"Octavia Goredema,The Great Courses",Length: 2 hrs and 13 mins
The Daily Stoic,"Ryan Holiday,Stephen Hanselman",Length: 10 hrs and 6 mins
The Making of Another Major Motion Picture Masterpiece,Tom Hanks,Length: 15 hrs and 56 mins
Ati Prabhavkari Logon ki 7 Aadatein [7 Habits of Highly Effective People],Stephen R. Covey,Length: 16 hrs and 4 mins
The Anarchy,William Dalrymple,Length: 15 hrs and 43 mins
Storyworthy,"Matthew Dicks,Dan Kennedy - foreword",Length: 10 hrs and 1 min
The Way of the Superior Man,David Deida,Length: 5 hrs and 22 mins
The Girl on the Train,Paula Hawkins,Length: 11 hrs and 4 mins
Secrets of the Millionaire Mind,T. Harv Eker,Length: 5 hrs and 10 mins
The Book You Wish Your Parents Had Read (and Your Children Will Be Glad That You Did),Philippa Perry,Length: 8 hrs and 52 mins
The God Delusion,Richard Dawkins,Length: 13 hrs and 52 mins
Range,David Epstein,Length: 10 hrs and 17 mins
The Meditations of Marcus Aurelius,Marcus Aurelius,Length: 5 hrs
Quiet,Susan Cain,Length: 10 hrs and 39 mins
To Kill a Mockingbird,Harper Lee,Length: 12 hrs and 17 mins
The Four Agreements,don Miguel Ruiz,Length: 2 hrs and 31 mins
The Slight Edge,Jeff Olson,Length: 9 hrs and 47 mins
Atlas: The Story of Pa Salt,"Lucinda Riley,Harry Whittaker",Length: 24 hrs and 59 mins
Maybe You Should Talk to Someone,Lori Gottlieb,Length: 14 hrs and 22 mins
The ONE Thing,"Gary Keller,Jay Papasan",Length: 5 hrs and 24 mins
How to Win Friends and Influence People,Dale Carnegie,Length: 8 hrs and 5 mins
The 80/20 Principle,Richard Koch,Length: 6 hrs and 47 mins
Getting Things Done With Work-Life Balance,David Allen,Length: 6 hrs and 34 mins
You Can Heal Your Life,Louise L. Hay,Length: 3 hrs
Algorithms to Live By,"Brian Christian,Tom Griffiths",Length: 11 hrs and 50 mins
Inspired,Marty Cagan,Length: 7 hrs and 45 mins
Models,Mark Manson,Length: 7 hrs and 52 mins
What Every BODY Is Saying,"Joe Navarro,Marvin Karlins",Length: 7 hrs and 19 mins
Dr. Cuterus,Tanaya Narendra,Length: 7 hrs and 13 mins
The Hard Thing About Hard Things,Ben Horowitz,Length: 7 hrs and 57 mins
A Short History of Nearly Everything,Bill Bryson,Length: 18 hrs and 59 mins
Trading in the Zone,Mark Douglas,Length: 7 hrs and 57 mins
Outliers,Malcolm Gladwell,Length: 7 hrs and 18 mins
The Millionaire Fastlane: Crack the Code to Wealth and Live Rich for a Lifetime,MJ DeMarco,Length: 12 hrs and 46 mins
Hooked: How to Build Habit-Forming Products,"Nir Eyal,Ryan Hoover",Length: 4 hrs and 40 mins
Raavan: Aryavart Ka Shatru [Raavan: Enemy of Aryavarta],Amish Tripathi,Length: 12 hrs and 33 mins
Who Moved My Cheese?,Dr Spencer Johnson,Length: 1 hr and 39 mins
The Education of a Value Investor,Guy Spier,Length: 6 hrs and 28 mins
The Warren Buffett Way,Robert Hagstrom,Length: 10 hrs and 31 mins
10x Is Easier than 2x,"Dan Sullivan,Dr. Benjamin Hardy",Length: 9 hrs and 58 mins
Sita: Warrior of Mithila,Amish,Length: 11 hrs and 10 mins
The Song of Significance,Seth Godin,Length: 4 hrs and 21 mins
As a Man Thinketh,James Allen,Length: 55 mins
Grit,Angela Duckworth,Length: 9 hrs and 21 mins
21 Lessons for the 21st Century,Yuval Noah Harari,Length: 11 hrs and 41 mins
The Personal MBA: Master the Art of Business,Josh Kaufman,Length: 15 hrs and 25 mins
"Harry Potter and the Chamber of Secrets, Book 2",J.K. Rowling,Length: 9 hrs and 43 mins
The Secret of the Nagas,Amish Tripathi,Length: 10 hrs and 9 mins
"Guns, Germs and Steel",Jared Diamond,Length: 16 hrs and 20 mins
48 Laws of Power,Robert Greene,Length: 23 hrs and 6 mins
The Power of Habit,Charles Duhigg,Length: 10 hrs and 53 mins
The 48 Laws of Power,Robert Greene,Length: 9 hrs and 52 mins
Fast Like a Girl,Dr. Mindy Pelz,Length: 8 hrs and 13 mins
The Greatness Mindset,Lewis Howes,Length: 9 hrs and 7 mins
Surviving to Drive,Guenther Steiner,Length: 7 hrs and 40 mins
Atomic Habits,James Clear,Length: 5 hrs and 35 mins
Scion of Ikshvaku,Amish,Length: 11 hrs and 35 mins
The Power of Moments,"Chip Heath,Dan Heath",Length: 6 hrs and 24 mins
Whirlwinds,"Kalki Krishnamurthy,Pavithra Srinivasan - translator",Length: 15 hrs and 13 mins
Waybound,Will Wight,Length: 16 hrs and 13 mins
Sherlock Holmes: The Definitive Collection,"Stephen Fry - introductions,Arthur Conan Doyle",Length: 71 hrs and 57 mins
Overcoming Social Anxiety,"Ellen Hendriksen,The Great Courses",Length: 2 hrs and 35 mins
The Girl with the Dragon Tattoo,Stieg Larsson,Length: 18 hrs and 48 mins
The Little Book of Common Sense Investing,John C. Bogle,Length: 5 hrs and 50 mins
Diana,Andrew Morton,Length: 13 hrs and 45 mins
Mythos,Stephen Fry,Length: 15 hrs and 25 mins
Zen: The Art of Simple Living,"Shunmyo Masuno,Harry Goldhawk,Zanna Goldhawk",Length: 2 hrs and 37 mins
"Tomorrow, and Tomorrow, and Tomorrow",Gabrielle Zevin,Length: 13 hrs and 52 mins
The Man Who Saved India,Hindol Sengupta,Length: 13 hrs and 37 mins
The Complete Stories of Sherlock Holmes,Arthur Conan Doyle,Length: 70 hrs and 48 mins
Origin,Dan Brown,Length: 18 hrs and 10 mins
Apprenticed to a Himalayan Master,Sri M.,Length: 10 hrs and 15 mins
The Fine Print,Lauren Asher,Length: 11 hrs and 8 mins
Astrophysics for People in a Hurry,Neil deGrasse Tyson,Length: 3 hrs and 41 mins
The Myth of Normal,"Gabor Maté,Daniel Maté",Length: 18 hrs and 12 mins
Hacking Growth,"Morgan Brown,Sean Ellis",Length: 10 hrs and 43 mins
Beartown,Fredrik Backman,Length: 13 hrs and 43 mins
The Pilani Pioneers,"Gaurav Mandlecha,Durjai Sethi",Length: 6 hrs and 59 mins
Effortless,Greg McKeown,Length: 6 hrs and 2 mins
Emotional Intelligence,Daniel Goleman,Length: 2 hrs and 59 mins
The E-Myth Revisited,Michael E. Gerber,Length: 8 hrs and 5 mins
The Sandman: Act III,"Neil Gaiman,Dirk Maggs",Length: 11 hrs and 31 mins
Tomb of Sand,"Geetanjali Shree,Daisy Rockwell",Length: 19 hrs and 24 mins
Rich Dad Poor Dad,Robert T. Kiyosaki,Length: 6 hrs and 9 mins
You Are the Placebo,Dr. Joe Dispenza,Length: 12 hrs and 6 mins
Good to Great,Jim Collins,Length: 10 hrs and 1 min
Mindset,Carol Dweck,Length: 8 hrs and 34 mins
Hacking Health,Mukesh Bansal,Length: 13 hrs and 23 mins
Predictably Irrational,Dan Ariely,Length: 7 hrs and 24 mins
Unreasonable Hospitality,Will Guidara,Length: 8 hrs and 37 mins
Peppa Pig: Peppa and the Great Outdoors,Ladybird,Length: 1 hr and 2 mins
Twisted Love,Ana Huang,Length: 10 hrs and 41 mins
Extreme Ownership,"Jocko Willink,Leif Babin",Length: 9 hrs and 33 mins
Allen Carr's Easy Way to Quit Smoking,Allen Carr,Length: 8 hrs and 24 mins
Autobiography of a Yogi - Original Edition,Paramahansa Yogananda,Length: 17 hrs and 20 mins
The Oath of the Vayuputras (English),Amish Tripathi,Length: 17 hrs and 12 mins
Build,Tony Fadell,Length: 11 hrs and 4 mins
Never Eat Alone,"Keith Ferrazzi,Tahl Raz",Length: 13 hrs and 47 mins
Unsouled,Will Wight,Length: 8 hrs and 52 mins
Fourth Wing,Rebecca Yarros,Length: 20 hrs and 47 mins
The Simple Path to Wealth,JL Collins,Length: 6 hrs and 38 mins
The Secret Advantage,Earl Nightingale,Length: 19 hrs and 35 mins
Norwegian Wood,Haruki Murakami,Length: 12 hrs and 28 mins
The Power of Now,Eckhart Tolle,Length: 7 hrs and 37 mins
Manifest,Roxie Nafousi,Length: 3 hrs and 59 mins
The Selfish Gene,Richard Dawkins,Length: 16 hrs and 12 mins
The Lord of the Rings: The Fellowship of the Ring (Dramatised),J. R. R. Tolkien,Length: 4 hrs and 35 mins
The Infinite Game,Simon Sinek,Length: 6 hrs and 56 mins
Asura,Anand Neelakantan,Length: 18 hrs and 17 mins
Radical Candor,Kim Scott,Length: 9 hrs and 23 mins
Designing Your Life,"Bill Burnett,Dave Evans",Length: 6 hrs and 18 mins
This Is Marketing,Seth Godin,Length: 7 hrs and 2 mins
Super Thinking,"Gabriel Weinberg,Lauren McCann",Length: 12 hrs and 37 mins
Legend of the Arch Magus: Publisher's Pack 5,Michael Sisa,Length: 12 hrs and 44 mins
Sapiens,Yuval Noah Harari,Length: 21 hrs and 42 mins
Breaking the Habit of Being Yourself,Joe Dispenza,Length: 10 hrs and 49 mins
The Beginning of Infinity,David Deutsch,Length: 20 hrs
Ego Is the Enemy,Ryan Holiday,Length: 6 hrs and 56 mins
Atlas of the Heart,Brené Brown,Length: 8 hrs and 29 mins
Jaya: A Retelling of the Mahabharata,Devdutt Pattanaik,Length: 8 hrs and 43 mins
$100M Offers,Alex Hormozi,Length: 3 hrs and 48 mins
Indistractable,"Nir Eyal,Julie Li",Length: 5 hrs and 15 mins
The Phoenix Project,"Gene Kim,Kevin Behr,George Spafford",Length: 14 hrs and 46 mins
Living with a SEAL,Jesse Itzler,Length: 5 hrs and 18 mins
How to Day Trade for a Living,Andrew Aziz,Length: 6 hrs and 56 mins
Truth Actuality and the Limits of Thought,Jiddu Krishnamurti,Length: 19 hrs and 57 mins
1962: The War That Wasn't,Shiv Kunal Verma,Length: 19 hrs and 20 mins
Punarbhava,Ashutosh Jain,Length: 9 hrs and 8 mins
The Tatas,"Girish Kuber,Vikrant Pande - translator",Length: 9 hrs and 41 mins
No Rules Rules,"Reed Hastings,Erin Meyer",Length: 9 hrs and 42 mins
The Great Mental Models,Shane Parrish,Length: 3 hrs and 23 mins
What Got You Here Won't Get You There,"Marshall Goldsmith,Mark Reiter",Length: 7 hrs and 56 mins
The Art of Reading Minds,Henrik Fexeus,Length: 7 hrs and 21 mins
Skin in the Game,Nassim Nicholas Taleb,Length: 8 hrs and 20 mins
War of Lanka,Amish Tripathi,Length: 16 hrs and 20 mins
The Accidental Prime Minister,Sanjaya Baru,Length: 13 hrs
The Yoga Sūtras of Patañjali,Edwin F. Bryant,Length: 30 hrs and 6 mins
The Da Vinci Code,Dan Brown,Length: 16 hrs and 39 mins
Linchpin,Seth Godin,Length: 8 hrs and 19 mins
Success Through a Positive Mental Attitude,"Napoloen Hill,W. Clement Stone",Length: 5 hrs and 6 mins
Being Different,Rajiv Malhotra,Length: 17 hrs and 31 mins
The Miracle Morning,Hal Elrod,Length: 4 hrs and 57 mins
Sahaj Yog,OSHO,Length: 37 hrs and 10 mins
Raavan,Amish Tripathi,Length: 11 hrs and 32 mins
Romantic Comedy,Curtis Sittenfeld,Length: 9 hrs and 5 mins
Psychology of Human Behavior,"David W. Martin,The Great Courses",Length: 18 hrs and 30 mins
Fantastic Beasts and Where to Find Them,"J.K. Rowling,Newt Scamander",Length: 1 hr and 54 mins
Karma: A Yogi’s Guide to Crafting Your Own Destiny,"Sadhguru,Leslie Howard",Length: 8 hrs and 56 mins
Hunting Adeline,H. D. Carlton,Length: 17 hrs and 24 mins
Closer to Love,Vex King,Length: 9 hrs and 41 mins
Muhammad,Martin Lings,Length: 6 hrs and 3 mins
33 Strategies of War,Robert Greene,Length: 27 hrs and 30 mins
The Pillars of the Earth,Ken Follett,Length: 40 hrs and 56 mins
Shrimad Bhagwad Gita (Hindi Edition),R. R. Varma,Length: 25 hrs and 56 mins
Designing Data-Intensive Applications,Martin Kleppmann,Length: 20 hrs and 56 mins
Becoming Supernatural,Joe Dispenza,Length: 14 hrs and 6 mins
Four Thousand Weeks,Oliver Burkeman,Length: 5 hrs and 53 mins
Kafka on the Shore,Haruki Murakami,Length: 19 hrs and 8 mins
Grandparents' Bag of Stories,Sudha Murty,Length: 5 hrs and 5 mins
Energize Your Mind,Gaur Gopal Das,Length: 10 hrs and 20 mins
Killing Moon,"Jo Nesbo,Seán Kinsella",Length: 16 hrs and 8 mins
Meluha Ke Mritunjay [The Immortals of Meluha],Amish Tripathi,Length: 14 hrs and 45 mins
Measure What Matters,John Doerr,Length: 7 hrs and 56 mins
The Monk Who Sold His Ferrari,Robin Sharma,Length: 2 hrs and 40 mins
How to Think Like a Roman Emperor,Donald J. Robertson,Length: 8 hrs and 30 mins
Leaders Eat Last,Simon Sinek,Length: 9 hrs and 22 mins
The Molecule of More,"Daniel Z. Lieberman MD,Michael E. Long",Length: 8 hrs and 13 mins
The 5 Second Rule,Mel Robbins,Length: 7 hrs and 35 mins
Digital Minimalism,Cal Newport,Length: 7 hrs
The Forty Rules of Love,Elif Shafak,Length: 11 hrs and 55 mins
The Ride of a Lifetime,Robert Iger,Length: 8 hrs and 45 mins
Getting to Yes,"Roger Fisher,William Ury,Bruce Patton",Length: 6 hrs and 16 mins
A Gentleman in Moscow,Amor Towles,Length: 17 hrs and 52 mins
Letting Go,David R. Hawkins MD,Length: 12 hrs and 23 mins
One Hundred Years of Solitude,"Gabriel García Márquez,Gregory Rabassa - translator",Length: 14 hrs and 4 mins
The Fountainhead,Ayn Rand,Length: 32 hrs and 5 mins
The Top Five Regrets of the Dying,Bronnie Ware,Length: 9 hrs and 13 mins
Zero to One,"Peter Thiel,Blake Masters",Length: 4 hrs and 50 mins
The Whistling Schoolboy and Other Stories of School Life,Ruskin Bond,Length: 2 hrs and 52 mins
Originals,"Adam Grant,Sheryl Sandberg - foreword",Length: 10 hrs and 1 min
Scaling People,Claire Hughes Johnson,Length: 11 hrs and 32 mins
Master Your Focus,Thibaut Meurisse,Length: 3 hrs and 58 mins
A Promised Land,Barack Obama,Length: 29 hrs and 10 mins
Influence,Robert B. Cialdini,Length: 12 hrs and 25 mins
Anxious People,Fredrik Backman,Length: 9 hrs and 52 mins
The Sandman,"Neil Gaiman,Dirk Maggs",Length: 11 hrs and 2 mins
Dune,Frank Herbert,Length: 21 hrs and 2 mins
2001,Arthur C. Clarke,Length: 6 hrs and 42 mins
Nagaon ka Rahassya [The Mystery of the Dragon],Amish Tripathi,Length: 11 hrs and 47 mins
Shiv Ke Saat Rahasya [Seven Secrets of Shiva],Devdutt Pattanaik,Length: 4 hrs and 18 mins
How to Talk to Anyone,Leil Lowndes,Length: 8 hrs and 59 mins
Sapiens,Yuval Noah Harari,Length: 15 hrs and 18 mins
The Courage to Be Disliked ,"Fumitake Koga,Ichiro Kishimi",Length: 6 hrs and 50 mins
Can't Hurt Me,David Goggins,Length: 13 hrs and 37 mins
12 Rules for Life,Jordan B. Peterson,Length: 15 hrs and 56 mins
The Interpretation of Dreams,Sigmund Freud,Length: 25 hrs and 49 mins
Ikigai,"Héctor García,Francesc Miralles",Length: 3 hrs and 23 mins
"Thinking, Fast and Slow",Daniel Kahneman,Length: 20 hrs
The Secret of Secrets,Osho,Length: 53 hrs and 32 mins
Codependent No More,Melody Beattie,Length: 8 hrs and 42 mins
Norse Mythology,Neil Gaiman,Length: 6 hrs and 29 mins
Hyperfocus,Chris Bailey,Length: 6 hrs and 39 mins
The Greatest Secret,Rhonda Byrne,Length: 6 hrs and 20 mins
"Men Are from Mars, Women Are from Venus",John Gray,Length: 9 hrs and 28 mins
Think Again,Adam Grant,Length: 6 hrs and 41 mins
The Power of Your Subconscious Mind,Joseph Murphy,Length: 7 hrs and 13 mins
The Happiness Advantage,Shawn Achor,Length: 7 hrs and 20 mins
P.G. Wodehouse Volume 1,P.G. Wodehouse,Length: 40 hrs and 37 mins
Fanatical Prospecting,Jeb Blount,Length: 8 hrs and 21 mins
Elon Musk,Ashlee Vance,Length: 13 hrs and 23 mins
Emergency Chronicles,Gyan Prakash,Length: 12 hrs and 48 mins
And the Mountains Echoed,Khaled Hosseini,Length: 14 hrs and 1 min
The Sandman: Act II,"Neil Gaiman,Dirk Maggs",Length: 13 hrs and 47 mins
The 22 Immutable Laws of Branding,"Al Ries,Laura Ries",Length: 8 hrs and 8 mins
The Word Is Murder,Anthony Horowitz,Length: 9 hrs and 2 mins
How to Trade in Stocks,Jesse Livermore,Length: 1 hr and 43 mins
The Most Important Thing,Howard Marks,Length: 7 hrs and 9 mins
Rework,"Jason Fried,David Heinemeier Hansson",Length: 2 hrs and 50 mins
Eat to Beat Disease,William W Li,Length: 13 hrs and 56 mins
The Psychology of Money,Morgan Housel,Length: 5 hrs and 48 mins
The Psychology of Selling,Brian Tracy,Length: 5 hrs and 19 mins
Sochiye Aur Ameer Baniye [Think and Be Rich],Napoleon Hill,Length: 11 hrs and 10 mins
Ashoka the Great,"Wytze Keuning,J. E. Steur - translator",Length: 43 hrs and 39 mins
Napoleon the Great,Andrew Roberts,Length: 37 hrs and 23 mins
The White Tiger,Aravind Adiga,Length: 8 hrs and 10 mins
Your Soul's Plan,Robert Schwartz,Length: 11 hrs and 15 mins
Who Will Cry When You Die?,Robin Sharma,Length: 3 hrs and 42 mins
Killing Floor,Lee Child,Length: 15 hrs and 51 mins
The Paradox of Choice,Barry Schwartz,Length: 7 hrs and 2 mins
The Tools,"Phil Stutz,Barry Michels",Length: 7 hrs and 7 mins
How Not to Die,"Michael Greger MD,Gene Stone",Length: 17 hrs and 9 mins
Execution,"Larry Bossidy,Ram Charan",Length: 8 hrs and 14 mins
Rich Dad's Guide to Investing,Robert T. Kiyosaki,Length: 14 hrs and 27 mins
Autobiography of a Yogi,Paramahansa Yogananda,Length: 17 hrs and 50 mins
The Lord of the Rings: The Two Towers (Dramatised),J. R. R. Tolkien,Length: 4 hrs and 29 mins
The Power of Your Subconscious Mind (Tamil Edition),Dr Joseph Murphy,Length: 11 hrs and 16 mins
Think and Grow Rich,Napoleon Hill,Length: 10 hrs and 15 mins
Pageboy,Elliot Page,Length: 8 hrs and 23 mins
He Who Fights with Monsters 9,"Shirtaloon,Travis Deverell",Length: 28 hrs and 3 mins
A Book of Simple Living,Ruskin Bond,Length: 2 hrs and 19 mins
The Lion: Son of the Forest,Mike Brooks,Length: 12 hrs and 15 mins
Power Failure,William D. Cohan,Length: 28 hrs and 17 mins
Talk Like TED,Carmine Gallo,Length: 7 hrs and 42 mins
NLP,"Charles Faulkner,Gerry Schmidt,Kelly Gerling,Robert McDonald,Suzi Smith,Tim Hallbon",Length: 6 hrs and 4 mins
Traction,Gino Wickman,Length: 6 hrs and 56 mins
Caste Matters,Suraj Yengde,Length: 11 hrs and 12 mins
The Story of World War II,"Donald L. Miller,Henry Steele Commager",Length: 24 hrs and 52 mins
Dawood's Mentor,S. Hussain Zaidi,Length: 7 hrs and 32 mins
Make Time,"Jake Knapp,John Zeratsky",Length: 4 hrs and 58 mins
A Clash of Kings,George R.R. Martin,Length: 37 hrs and 12 mins
Poirot's Finest Cases,Agatha Christie,Length: 15 hrs and 37 mins
The $100 Startup,Chris Guillebeau,Length: 8 hrs and 14 mins
Will You Still Love Me?,Ravinder Singh,Length: 7 hrs and 16 mins
Scary Smart,Mo Gawdat,Length: 11 hrs and 20 mins
Indian Summer,Alex von Tunzelmann,Length: 14 hrs and 36 mins
Salt,Mark Kurlansky,Length: 13 hrs and 48 mins
The Ocean of Churn,Sanjeev Sanyal,Length: 9 hrs and 22 mins
The Book on Rental Property Investing,Brandon Turner,Length: 11 hrs and 38 mins
Only Love Is Real,Brian L. Weiss M.D.,Length: 3 hrs and 8 mins
Everyday Ayurveda,Bhaswati Bhattacharya,Length: 10 hrs and 19 mins
"Talk English: The Secret To Speak English Like A Native In 6 Months For Busy People, Learn Spoken English From The Success",Ken Xiao,Length: 1 hr and 17 mins
The Complete Conversations with God,Neale Donald Walsch,Length: 26 hrs and 33 mins
"Don’t Lose Your Mind, Lose Your Weight",Rujuta Diwekar,Length: 8 hrs and 25 mins
I Can't Make This Up,"Neil Strauss - contributor,Kevin Hart",Length: 11 hrs and 15 mins
The Monk Who Sold His Ferrari,Robin Sharma,Length: 6 hrs and 34 mins
The Tao of Pooh,Benjamin Hoff,Length: 2 hrs and 46 mins
No Longer Human,Osamu Dazai,Length: 4 hrs and 13 mins
Project Hail Mary,Andy Weir,Length: 16 hrs and 10 mins
Tools of Titans,Tim Ferriss,Length: 22 hrs and 41 mins
"Savarkar: Echoes of a Forgotton Past, Vol. 1: Part 1",Vikram Sampath,Length: 12 hrs and 46 mins
God of Wrath,Rina Kent,Length: 14 hrs and 5 mins
This Is Going to Hurt,Adam Kay,Length: 5 hrs and 47 mins
The Mind Illuminated,"Culadasa,Jeremy Graves,Matthew Immergut PhD,John Yates PhD",Length: 13 hrs and 33 mins
India's Most Fearless 2: More Military Stories of Unimaginable Courage and Sacrifice,"Shiv Aroor,Rahul Singh",Length: 10 hrs and 7 mins
Simply Lies,David Baldacci,Length: 11 hrs and 44 mins
Inglorious Empire,Shashi Tharoor,Length: 10 hrs and 33 mins
Peak,"Robert Pool,Anders Ericsson",Length: 10 hrs and 40 mins
Permanent Record,Edward Snowden,Length: 11 hrs and 31 mins
The Complete Fiction of H.P. Lovecraft,H. P. Lovecraft,Length: 51 hrs and 40 mins
Stealing Fire,"Steven Kotler,Jamie Wheal",Length: 8 hrs and 24 mins
For the Love of Physics,"Walter Lewin,Warren Goldstein",Length: 10 hrs and 11 mins
"Harry Potter and the Order of the Phoenix, Book 5",J.K. Rowling,Length: 29 hrs and 1 min
You Shouldn’t Have Come Here,Jeneva Rose,Length: 8 hrs and 1 min
Sprint,"Jake Knapp,John Zeratsky,Braden Kowitz",Length: 6 hrs and 9 mins
Aurangzeb: The Man and the Myth,Audrey Trushcke,Length: 3 hrs and 50 mins
Essence of the Upanishads,Eknath Easwaran,Length: 8 hrs and 41 mins
Homo Deus,Yuval Noah Harari,Length: 14 hrs and 53 mins
The Wedding Planner,Danielle Steel,Length: 8 hrs and 22 mins
The Monk Who Sold His Ferrari (Hindi),Robin Sharma,Length: 9 hrs and 2 mins
Good Strategy/Bad Strategy,Richard Rumelt,Length: 11 hrs and 49 mins
Unleashing the Mind,Sadhguru,Length: 4 hrs and 35 mins
If Tomorrow Comes,Sidney Sheldon,Length: 12 hrs and 36 mins
"Harry Potter and the Goblet of Fire, Book 4",J.K. Rowling,Length: 20 hrs and 54 mins
Rich Dad's Cashflow Quadrant,Robert T. Kiyosaki,Length: 8 hrs and 48 mins
Solve for Happy,Mo Gawdat,Length: 11 hrs and 12 mins
All Marketers Are Liars,Seth Godin,Length: 4 hrs and 17 mins
Into Thin Air,Jon Krakauer,Length: 9 hrs and 8 mins
One Night at the Call Centre,Chetan Bhagat,Length: 7 hrs and 33 mins
To Sell Is Human,Daniel H. Pink,Length: 6 hrs and 6 mins
The Prodigal Daughter,Jeffrey Archer,Length: 14 hrs and 35 mins
The Three Laws of Performance,"Steve Zaffron,Dave Logan",Length: 6 hrs and 12 mins
The Buddha Said,Osho,Length: 35 hrs and 57 mins
The Miracle of Mindfulness,Thích Nhất Hạnh,Length: 4 hrs and 11 mins
Rich Dad Poor Dad: 20th Anniversary Edition,Robert T. Kiyosaki,Length: 8 hrs and 22 mins
Quantum Supremacy,Michio Kaku,Length: 10 hrs and 41 mins
A History of India,"Michael H. Fisher,The Great Courses",Length: 18 hrs and 22 mins
"James Moriarty, Consulting Criminal",Andy Weir,Length: 1 hr and 10 mins
Hitchhiker's Guide to the Galaxy,Douglas Adams,Length: 5 hrs and 51 mins
The Making of a Manager,Julie Zhuo,Length: 7 hrs and 32 mins
My Lovely Wife,Samantha Downing,Length: 10 hrs and 13 mins
Justice Jaganathan (Tamil Edition),Devan,Length: 13 hrs and 44 mins
Worth Dying For,Lee Child,Length: 13 hrs and 1 min
Apke Avchetan Man Ki Shakti [The Power of Your Subconscious Mind],Dr. Joseph Murphy,Length: 8 hrs and 37 mins
Memory Man,David Baldacci,Length: 13 hrs and 16 mins
The Gray Man,Mark Greaney,Length: 11 hrs and 11 mins
"How I Made $2,000,000 in the Stock Market",Nicolas Darvas,Length: 3 hrs and 29 mins
Am I Being Too Subtle?,Sam Zell,Length: 8 hrs and 57 mins
Life's Amazing Secrets,Gaur Gopal Das,Length: 6 hrs and 25 mins
Ram-Ikshvaku Ke Vanshaj [Descendants of Rama-Ikshvaku],Amish Tripathi,Length: 11 hrs and 21 mins
The Universe Has Your Back,Gabrielle Bernstein,Length: 4 hrs and 30 mins
Fooled by Randomness: The Hidden Role of Chance in Life and in the Markets,Nassim Nicholas Taleb,Length: 8 hrs and 57 mins
The Lost River,Michel Danino,Length: 10 hrs and 8 mins
We Are Legion (We Are Bob),Dennis E. Taylor,Length: 9 hrs and 56 mins
The Fix,David Baldacci,Length: 11 hrs and 53 mins
The Tibetan Book of Living and Dying,Sogyal Rinpoche,Length: 6 hrs and 7 mins
"Mightier than the Sword: Clifton Chronicles, Book 5",Jeffrey Archer,Length: 12 hrs and 55 mins
The Audacity of Hope,Barack Obama,Length: 6 hrs and 10 mins
"I Know What to Do, So Why Don't I Do It?",Nick Hall,Length: 10 hrs and 5 mins
Charlie and the Great Glass Elevator,Roald Dahl,Length: 3 hrs and 15 mins
Bose: The Untold Story (Part 1),Chandrachur Ghose,Length: 16 hrs and 25 mins
Storm Front,Jim Butcher,Length: 8 hrs and 1 min
The Body,Bill Bryson,Length: 14 hrs and 47 mins
Siddhartha,Hermann Hesse,Length: 4 hrs and 32 mins
On Earth We're Briefly Gorgeous,Ocean Vuong,Length: 7 hrs and 19 mins
Terry Pratchett: BBC Radio Drama Collection,Terry Pratchett,Length: 13 hrs and 13 mins
Leadership Wisdom from the Monk Who Sold His Ferrari,Robin Sharma,Length: 7 hrs and 31 mins
Kissinger,Walter Isaacson,Length: 34 hrs and 30 mins
The Big Short,Michael Lewis,Length: 9 hrs and 27 mins
Gone Tomorrow,Lee Child,Length: 13 hrs and 17 mins
Homo Deus,Yuval Noah Harari,Length: 20 hrs and 54 mins
Richest Man In Babylon - Original Edition,George S. Clason,Length: 4 hrs
The Stranger: International Edition,Albert Camus,Length: 4 hrs and 14 mins
The Man Who Solved the Market,Gregory Zuckerman,Length: 10 hrs and 44 mins
The Power of Intention,Dr. Wayne W. Dyer,Length: 4 hrs and 27 mins
The High Performance Entrepreneur,Subroto Bagchi,Length: 6 hrs and 35 mins
A Necessary Evil,Abir Mukherjee,Length: 11 hrs and 12 mins
It's Not Luck,Eliyahu M. Goldratt,Length: 8 hrs and 30 mins
Atal Bihari Vajpayee,Kingshuk Nag,Length: 6 hrs and 58 mins
From Chaos to Consciousness,Eckhart Tolle,Length: 7 hrs and 28 mins
The Revenge of Geography,Robert D. Kaplan,Length: 13 hrs and 24 mins
What to Expect When You’re Expecting,Heidi Murkoff,Length: 32 hrs and 43 mins
The 16 Undeniable Laws of Communication,John Maxwell,Length: 8 hrs and 57 mins
Ek Chota Sa Kadam Aapki Zindagi Badal Sakta Hai [One Small Step Can Change Your Life],Robert Maurer,Length: 5 hrs and 10 mins
Freakonomics,"Steven D. Levitt,Stephen J. Dubner",Length: 7 hrs and 50 mins
One of Us Is Lying,Karen M. McManus,Length: 10 hrs and 43 mins
My Brilliant Friend,Elena Ferrante,Length: 12 hrs and 38 mins
The Partner,John Grisham,Length: 6 hrs and 4 mins
"The Great Ideas of Philosophy, 2nd Edition","Daniel N. Robinson,The Great Courses",Length: 30 hrs and 11 mins
Man's Search for Meaning,Viktor E. Frankl,Length: 4 hrs and 44 mins
The Book of Disquiet,Fernando Pessoa,Length: 17 hrs and 28 mins
Dharma,Amish Tripathi,Length: 4 hrs and 26 mins
How to Make Money in Stocks (Fourth Edition),William J. O'Neil,Length: 11 hrs and 50 mins
The Alchemist (Tamil Edition),"Paulo Coelho,Nagalakshmi Shanmugam - translator",Length: 6 hrs and 20 mins
"Best Kept Secret: Clifton Chronicles, Book 3",Jeffrey Archer,Length: 11 hrs and 15 mins
Smarter Faster Better,Charles Duhigg,Length: 10 hrs and 22 mins
The Temporary Wife: Luca and Valentina's Story,Catharina Maura,Length: 11 hrs and 33 mins
How Democracies Die,"Steven Levitsky,Daniel Ziblatt",Length: 8 hrs and 24 mins
A Hacker's Mind,Bruce Schneier,Length: 8 hrs and 3 mins
The Diary of a Young Girl [Hindi],Anne Frank,Length: 11 hrs and 41 mins
How to Win an Indian Election,Shivam Shankar Singh,Length: 6 hrs and 45 mins
The Secret of Leadership,Prakash Iyer,Length: 5 hrs and 33 mins
The Prince,Niccolo Machiavelli,Length: 4 hrs and 47 mins
The Art of Living,Thích Nhất Hạnh,Length: 5 hrs and 1 min
Wuthering Heights,Emily Brontë,Length: 13 hrs and 8 mins
India's Wars,Arjun Subramaniam,Length: 19 hrs and 32 mins
The Book of Wisdom,Osho,Length: 47 hrs and 6 mins
How Big Things Get Done,"Professor Bent Flyvbjerg,Dan Gardner",Length: 7 hrs and 16 mins
The Gulag Archipelago,Aleksandr Solzhenitsyn,Length: 23 hrs and 28 mins
How Brands Grow,Byron Sharp,Length: 6 hrs and 34 mins
Pachinko,Min Jin Lee,Length: 18 hrs and 14 mins
Collided,Lauren Asher,Length: 11 hrs and 19 mins
The Power of Vulnerability,Brené Brown,Length: 6 hrs and 30 mins
Chanakya and the Art of Getting Rich,Radhakrishnan Pillai,Length: 4 hrs and 41 mins
Be Your Future Self Now,Dr. Benjamin Hardy,Length: 4 hrs and 51 mins
Siva,Ramesh Menon,Length: 14 hrs and 4 mins
The 10X Mentor,Grant Cardone,Length: 11 hrs and 37 mins
Do Epic Shit,Ankur Warikoo,Length: 3 hrs and 17 mins
"7 Mindsets for Success, Happiness and Fulfilment",Swami Mukundananda,Length: 6 hrs and 19 mins
Chanakya Neeti,Acharya Chanakya,Length: 5 hrs and 2 mins
Teachings of Vivekananda,Vivekananda,Length: 9 hrs and 4 mins
The Bhagavad Gita,Eknath Easwaran,Length: 8 hrs and 54 mins
Life Without Limits,Nick Vujicic,Length: 7 hrs and 50 mins
The Art of Storytelling: From Parents to Professionals,"Hannah B. Harvey,The Great Courses",Length: 12 hrs and 30 mins
"Zen Mind, Beginner's Mind",Shunryu Suzuki,Length: 2 hrs and 58 mins
Talent Is Overrated,Geoff Colvin,Length: 8 hrs and 14 mins
The Art of Learning,Josh Waitzkin,Length: 7 hrs and 55 mins
Night Train at Deoli (Hindi Edition),Ruskin Bond,Length: 6 hrs and 43 mins
Time Management (Hindi Edition),Sudhir Dixit,Length: 2 hrs and 34 mins
The Unusual Billionaires,Saurabh Mukherjea,Length: 9 hrs and 12 mins
A New Earth,Eckhart Tolle,Length: 9 hrs and 12 mins
A Political History of the World,Jonathan Holslag,Length: 15 hrs and 5 mins
In the Lives of Puppets,TJ Klune,Length: 15 hrs and 21 mins
Sita-Mithila Ki Yoddha [Sita: Warrior of Mithila],Amish Tripathi,Length: 11 hrs and 11 mins
A Course in Meditation,Osho,Length: 4 hrs and 58 mins
Upgrade,Blake Crouch,Length: 9 hrs and 47 mins
The Intelligent Investor Rev Ed.,Benjamin Graham,Length: 17 hrs and 48 mins
Never Lie,Freida McFadden,Length: 7 hrs and 21 mins
Misbehaving,Richard H. Thaler,Length: 13 hrs and 35 mins
Power and Prediction,"Ajay Agrawal,Joshua Gans,Avi Goldfarb",Length: 10 hrs and 7 mins
(ISC)2 CISSP Certified Information Systems Security Professional Official Study Guide 9th Edition,"Mike Chapple,James Michael Stewart,Darril Gibson",Length: 65 hrs and 38 mins
The Enemy,Lee Child,Length: 14 hrs and 21 mins
The Zenith of Sacrifice,"Kalki Krishnamurthy,Pavithra Srinivasan - translator,Varsha Venugopal - translator",Length: 28 hrs and 9 mins
North and South,Elizabeth Gaskell,Length: 18 hrs and 20 mins
Bose: The Untold Story (Part 2),Chandrachur Ghose,Length: 11 hrs and 27 mins
How to Have Confidence and Power in Dealing with People,Les Giblin,Length: 4 hrs and 39 mins
Unscripted,MJ DeMarco,Length: 17 hrs and 33 mins
Don’t Worry,Shunmyo Masuno,Length: 3 hrs and 25 mins
Waking Up,Sam Harris,Length: 5 hrs and 51 mins
The Gita for Children,Roopa Pai,Length: 7 hrs and 50 mins
Fantastic Mr Fox,Roald Dahl,Length: 1 hr and 15 mins
Never Split the Difference,"Chris Voss,Tahl Raz",Length: 8 hrs and 7 mins
Fifty Shades Freed,E. L. James,Length: 20 hrs and 59 mins
The Kiss Quotient,Helen Hoang,Length: 9 hrs and 36 mins
Mulanchi Budhimatta Viksit Karnyachya 21 Padhati [21 Ways to Develop Children's Intelligence],Manoj Ambike,Length: 4 hrs and 49 mins
The Subtle Art of Not Giving a F*ck,Mark Manson,Length: 5 hrs and 17 mins
The 5 AM Club,Robin Sharma,Length: 11 hrs and 4 mins
Bigger Leaner Stronger,Michael Matthews,Length: 14 hrs and 16 mins
(ISC)2 CCSP Certified Cloud Security Professional Official Study Guide (3rd Edition),"Mike Chapple,David Seidl",Length: 19 hrs and 40 mins
Bridgerton: An Offer from a Gentleman,Julia Quinn,Length: 12 hrs and 22 mins
Secrets of Closing the Sale,Zig Ziglar,Length: 15 hrs and 14 mins
Building a Better Vocabulary,"Kevin Flanigan,The Great Courses",Length: 18 hrs and 48 mins
The Book of Ichigo Ichie,"Francesc Miralles,Héctor García",Length: 3 hrs and 20 mins
Company of One,Paul Jarvis,Length: 8 hrs and 17 mins
Financial Freedom,"Grant Sabatier,Vicki Robin - foreword",Length: 10 hrs and 47 mins
Quidditch Through the Ages,"J.K. Rowling,Kennilworthy Whisp",Length: 3 hrs and 10 mins
The Almanack of Naval Ravikant,"Eric Jorgenson,Tim Ferriss",Length: 4 hrs and 53 mins
Ignited Minds,A. P. J. Kalam,Length: 3 hrs and 45 mins
Power vs. Force,Dr. David R. Hawkins,Length: 8 hrs and 10 mins
An Era of Darkness,Shashi Tharoor,Length: 12 hrs and 26 mins
Executive Presence,Sylvia Ann Hewlett,Length: 6 hrs and 17 mins
The Bhagavad Gita for Daily Living,Eknath Easwaran,Length: 50 hrs and 19 mins
Fifty Shades Freed,E. L. James,Length: 20 hrs and 59 mins
The Kiss Quotient,Helen Hoang,Length: 9 hrs and 36 mins
Mulanchi Budhimatta Viksit Karnyachya 21 Padhati [21 Ways to Develop Children's Intelligence],Manoj Ambike,Length: 4 hrs and 49 mins
The Subtle Art of Not Giving a F*ck,Mark Manson,Length: 5 hrs and 17 mins
The 5 AM Club,Robin Sharma,Length: 11 hrs and 4 mins
Bigger Leaner Stronger,Michael Matthews,Length: 14 hrs and 16 mins
(ISC)2 CCSP Certified Cloud Security Professional Official Study Guide (3rd Edition),"Mike Chapple,David Seidl",Length: 19 hrs and 40 mins
Bridgerton: An Offer from a Gentleman,Julia Quinn,Length: 12 hrs and 22 mins
Secrets of Closing the Sale,Zig Ziglar,Length: 15 hrs and 14 mins
Building a Better Vocabulary,"Kevin Flanigan,The Great Courses",Length: 18 hrs and 48 mins
The Book of Ichigo Ichie,"Francesc Miralles,Héctor García",Length: 3 hrs and 20 mins
Company of One,Paul Jarvis,Length: 8 hrs and 17 mins
Financial Freedom,"Grant Sabatier,Vicki Robin - foreword",Length: 10 hrs and 47 mins
Quidditch Through the Ages,"J.K. Rowling,Kennilworthy Whisp",Length: 3 hrs and 10 mins
The Almanack of Naval Ravikant,"Eric Jorgenson,Tim Ferriss",Length: 4 hrs and 53 mins
Ignited Minds,A. P. J. Kalam,Length: 3 hrs and 45 mins
Power vs. Force,Dr. David R. Hawkins,Length: 8 hrs and 10 mins
An Era of Darkness,Shashi Tharoor,Length: 12 hrs and 26 mins
Executive Presence,Sylvia Ann Hewlett,Length: 6 hrs and 17 mins
The Bhagavad Gita for Daily Living,Eknath Easwaran,Length: 50 hrs and 19 mins
